{
  "alpha_sample_n": 50000,
  "cronbach_alpha_phq": 0.8328755841051549,
  "cronbach_alpha_gad": 0.8064255283761542,
  "cronbach_alpha_pcl": 0.884145635012322
}